"DESCRIPTION","DURATION IN MS","NAME","PARENT SUITE","START TIME","STATUS","STOP TIME","SUB SUITE","SUITE","TEST CLASS","TEST METHOD"
"","248","CAT-P0-01 The catalogue shows products with a name and price","tests.catalog","2026-10-07","passed","2026-10-07","","test_catalog","",""
"","10907","CHK-P1-07 A signed-in shopper goes straight to the address form","tests.checkout","2026-10-07","passed","2026-10-07","","test_checkout","",""
"","10392","CHK-P1-10..P2-13 Invalid card details are refused (known defect D-06): {'security_code': '1'}","tests.checkout","2026-10-07","skipped","2026-10-07","","test_checkout","",""
"","10479","CHK-P1-10..P2-13 Invalid card details are refused (known defect D-06): {'expiry': '0120'}","tests.checkout","2026-10-07","skipped","2026-10-07","","test_checkout","",""
"","2529","APP-P2-04 The app stays upright when the phone is turned","tests.app_state","2026-10-07","passed","2026-10-07","","test_app_state","",""
"","6081","LGN-P1-05 An unknown user is refused (known defect D-01)","tests.login","2026-10-07","skipped","2026-10-07","","test_login","",""
"","6980","LGN-P0-01 The demo user can sign in","tests.login","2026-10-07","passed","2026-10-07","","test_login","",""
"","2597","CHK-P0-02 Checkout while signed out asks for sign-in","tests.checkout","2026-10-07","passed","2026-10-07","","test_checkout","",""
"","0","CRT-P1-10 Two different products add up in the cart (blocked by D-07)","tests.cart","2026-10-07","skipped","2026-10-07","","test_cart","",""
"","16030","CHK-P2-14 The card number field refuses letters","tests.checkout","2026-10-07","passed","2026-10-07","","test_checkout","",""
"","13979","CHK-P1-05 Each required address field is needed: country","tests.checkout","2026-10-07","passed","2026-10-07","","test_checkout","",""
"","2467","APP-P2-06 Back from the cart returns to the catalogue","tests.app_state","2026-10-07","passed","2026-10-07","","test_app_state","",""
"","6707","CHK-P1-08 An empty payment form is refused","tests.checkout","2026-10-07","passed","2026-10-07","","test_checkout","",""
"","8763","LGN-P1-12 Cancelling Log Out keeps you signed in","tests.login","2026-10-07","passed","2026-10-07","","test_login","",""
"","25566","CAT-P2-06 Scrolling to the end shows every product","tests.catalog","2026-10-07","passed","2026-10-07","","test_catalog","",""
"","3494","PRD-P2-07 Rating a product shows a thank-you message","tests.product","2026-10-07","passed","2026-10-07","","test_product","",""
"","24276","CAT-P1-04 Sort by price, high to low, across all products","tests.catalog","2026-10-07","passed","2026-10-07","","test_catalog","",""
"","5431","LGN-P1-13 Log Out signs you out","tests.login","2026-10-07","passed","2026-10-07","","test_login","",""
"","3939","APP-P2-05 Back from a product returns to the catalogue","tests.app_state","2026-10-07","passed","2026-10-07","","test_app_state","",""
"","24605","CHK-P1-04 After an order the cart is empty","tests.checkout","2026-10-07","passed","2026-10-07","","test_checkout","",""
"","4149","CHK-P2-17 The billing address can differ from shipping","tests.checkout","2026-10-07","passed","2026-10-07","","test_checkout","",""
"","34988","CHK-P1-15 The review shows the order and a correct total","tests.checkout","2026-10-07","passed","2026-10-07","","test_checkout","",""
"","5664","CRT-P1-07 - in the cart lowers count, total and badge","tests.cart","2026-10-07","passed","2026-10-07","","test_cart","",""
"","5569","PRD-P2-04 At quantity 0, Add to cart is disabled","tests.product","2026-10-07","passed","2026-10-07","","test_product","",""
"","25780","CAT-P1-05 Sort by name, A to Z, across all products","tests.catalog","2026-10-07","passed","2026-10-07","","test_catalog","",""
"","6282","LGN-P1-06 The real user with a wrong password is refused (known defect D-01)","tests.login","2026-10-07","skipped","2026-10-07","","test_login","",""
"","3862","LGN-P1-04 The locked-out user is refused","tests.login","2026-10-07","passed","2026-10-07","","test_login","",""
"","2270","APP-P2-07 Back with the menu open only closes the menu (known defect D-03)","tests.app_state","2026-10-07","skipped","2026-10-07","","test_app_state","",""
"","25912","CAT-P1-03 Sort by name, Z to A, across all products","tests.catalog","2026-10-07","passed","2026-10-07","","test_catalog","",""
"","6263","PRD-P1-02 Quantity can go up but not below 1 (known defect D-02)","tests.product","2026-10-07","skipped","2026-10-07","","test_product","",""
"","1442","LGN-P1-02 Empty username is refused","tests.login","2026-10-07","passed","2026-10-07","","test_login","",""
"","3040","PRD-P2-06 Choosing a colour selects it","tests.product","2026-10-07","passed","2026-10-07","","test_product","",""
"","1660","CHK-P1-03 The empty address form shows every required error","tests.checkout","2026-10-07","passed","2026-10-07","","test_checkout","",""
"","24452","CAT-P1-02 Sort by price, low to high, across all products","tests.catalog","2026-10-07","passed","2026-10-07","","test_catalog","",""
"","27","LGN-P1-10 The password is hidden while typing","tests.login","2026-10-07","passed","2026-10-07","","test_login","",""
"","6617","LGN-P2-07 A username that is not an email is refused (known defect D-04)","tests.login","2026-10-07","skipped","2026-10-07","","test_login","",""
"","5927","CRT-P1-05 Adding the same product twice makes one row","tests.cart","2026-10-07","passed","2026-10-07","","test_cart","",""
"","3894","CRT-P2-04 A restart empties the cart (observed behaviour)","tests.cart","2026-10-07","passed","2026-10-07","","test_cart","",""
"","4897","APP-P2-03 The cart badge survives going to the background","tests.app_state","2026-10-07","passed","2026-10-07","","test_app_state","",""
"","4671","LGN-P1-11 Tapping a demo username fills the form","tests.login","2026-10-07","passed","2026-10-07","","test_login","",""
"","10895","CRT-P1-03 Removing the only item empties the cart","tests.cart","2026-10-07","passed","2026-10-07","","test_cart","",""
"","4968","CRT-P1-02 Adding quantity 2 updates count and total","tests.cart","2026-10-07","passed","2026-10-07","","test_cart","",""
"","23310","CHK-P0-01 A signed-in shopper can place an order","tests.checkout","2026-10-07","passed","2026-10-07","","test_checkout","",""
"","4048","CRT-P1-06 + in the cart raises count, total and badge","tests.cart","2026-10-07","passed","2026-10-07","","test_cart","",""
"","2713","CRT-P2-09 Go Shopping returns to the catalogue","tests.cart","2026-10-07","passed","2026-10-07","","test_cart","",""
"","10377","CHK-P2-06 The country error message is complete (known defect D-05)","tests.checkout","2026-10-07","skipped","2026-10-07","","test_checkout","",""
"","17446","PRD-P0-08 Opening a second product after going back does not crash (known defect D-07)","tests.product","2026-10-07","skipped","2026-10-07","","test_product","",""
"","6373","APP-P2-08 A restart signs the user out (observed behaviour)","tests.app_state","2026-10-07","passed","2026-10-07","","test_app_state","",""
"","4923","PRD-P1-03 + raises the quantity","tests.product","2026-10-07","passed","2026-10-07","","test_product","",""
"","16090","PRD-P2-05 A large quantity is accepted and priced right","tests.product","2026-10-07","passed","2026-10-07","","test_product","",""
"","15739","CHK-P1-05 Each required address field is needed: full_name","tests.checkout","2026-10-07","passed","2026-10-07","","test_checkout","",""
"","1457","CRT-P0-01 Adding a product updates the cart","tests.cart","2026-10-07","passed","2026-10-07","","test_cart","",""
"","4233","CRT-P2-08 - from 1 in the cart removes the item","tests.cart","2026-10-07","passed","2026-10-07","","test_cart","",""
"","12083","CHK-P1-09 A missing card holder name is refused","tests.checkout","2026-10-07","passed","2026-10-07","","test_checkout","",""
"","1821","LGN-P1-03 Missing password is refused","tests.login","2026-10-07","passed","2026-10-07","","test_login","",""
"","14944","CHK-P1-05 Each required address field is needed: address_1","tests.checkout","2026-10-07","passed","2026-10-07","","test_checkout","",""
"","14974","CHK-P1-05 Each required address field is needed: city","tests.checkout","2026-10-07","passed","2026-10-07","","test_checkout","",""
"","1946","PRD-P0-01 Opening a product shows its details","tests.product","2026-10-07","passed","2026-10-07","","test_product","",""
"","9849","CHK-P1-10..P2-13 Invalid card details are refused (known defect D-06): {'number': '41111'}","tests.checkout","2026-10-07","skipped","2026-10-07","","test_checkout","",""
"","10107","APP-P2-02 The product quantity survives going to the background","tests.app_state","2026-10-07","passed","2026-10-07","","test_app_state","",""
"","15472","CHK-P1-05 Each required address field is needed: zip","tests.checkout","2026-10-07","passed","2026-10-07","","test_checkout","",""
"","18432","LGN-P2-08 A 300-character username does not crash the app","tests.login","2026-10-07","passed","2026-10-07","","test_login","",""
"","15467","APP-P2-01 Checkout survives going to the background","tests.app_state","2026-10-07","passed","2026-10-07","","test_app_state","",""
"","9051","CHK-P1-10..P2-13 Invalid card details are refused (known defect D-06): {'expiry': '1'}","tests.checkout","2026-10-07","skipped","2026-10-07","","test_checkout","",""
"","13473","CHK-P1-16 The review hides the card number (known defect D-08)","tests.checkout","2026-10-07","skipped","2026-10-07","","test_checkout","",""
"","18707","LGN-P2-09 Special characters in the username do not crash the app","tests.login","2026-10-07","passed","2026-10-07","","test_login","",""
